Model,Test MAE,Test RMSE,Test Direction Accuracy (%),Train Direction Accuracy (%)
XGBoost,1.8256804347029865,2.3004393030213106,71.24183006535948,99.83660130718954
Random Forest,1.7912309054566684,2.2702763684102267,69.28104575163398,87.09150326797386
